image,model,llm_interpretation
DJI_20250929125134_0319_D.JPG,Qwen-2.5-VL,"### 1. Crop Stage

**Crop Stage:** The image shows a cotton field with visible bolls, indicating that the crop is likely in the early to mid-bolling stage. This stage typically occurs after the cotton plants have reached full bloom and before the bolls begin to mature.

### 2. Visible Cotton Structures and Yield Potential

**Visible Cotton Structures:**
- **Bolls:** Numerous bolls are visible throughout the field, suggesting that the crop is in the early to mid-bolling stage.
- **Stems:** The stems of the cotton plants are also visible, showing the typical structure of the crop.

**Estimation of Yield Potential:**
- **Boll Density:** Based on the visible boll density,"
DJI_20250929125054_0301_D.JPG,Qwen-2.5-VL,"### 1. Crop Stage (Pre-defoliation vs Post-defoliation)

**Crop Stage:**
- **Pre-defoliation:** The cotton plants appear to be in the early to mid-bloom stage, with visible bolls but no significant defoliation yet. The white flowers are abundant, indicating that the plants are actively producing seeds.
- **Post-defoliation:** The cotton plants have experienced defoliation, which is evident from the absence of white flowers and the presence of defoliated leaves. This suggests that the cotton has reached the later stages of bloom or even post-bloom.

### 2. Visible Cotton Structures and Estimation of Yield Potential

**Visible Cotton Structures:**
- **Bolls:** Numerous b"
DJI_20250929125138_0321_D.JPG,Qwen-2.5-VL,"### 1. Crop Stage

**Crop Stage:** The image shows a cotton field with visible bolls, but the leaves appear to be mostly defoliated. This suggests that the crop is likely in the post-defoliation stage.

### 2. Visible Cotton Structures and Estimation of Yield Potential

**Visible Cotton Structures:**
- **Bolls:** Numerous bolls are visible throughout the field.
- **Leaves:** Most leaves appear to have been defoliated, leaving only the bolls intact.

**Estimation of Yield Potential:**
- **Boll Density:** The high density of visible bolls indicates a good potential for yield. However, the defoliation status suggests that the plants may not be fully mature or healthy"
DJI_20250929125142_0323_D.JPG,Qwen-2.5-VL,"### 1. Crop Stage

**Crop Stage:** The image shows a cotton field with visible bolls, but the leaves appear to be mostly defoliated. This suggests that the crop is likely in the post-defoliation stage.

### 2. Visible Cotton Structures and Yield Potential

**Visible Cotton Structures:**
- **Bolls:** Numerous bolls are visible throughout the field.
- **Leaves:** Most leaves appear to have been defoliated, leaving only the bolls intact.

**Estimation of Yield Potential:**
- Given the high density of bolls and the absence of most leaves, it is reasonable to estimate that the yield potential is high. However, without precise measurements, it's challenging to give an exact number"
